Date,Count
2021-05-12,1
2021-04-23,1
2021-03-31,5
2021-03-29,1
2021-03-20,2
2021-03-04,1
2021-02-22,1
2021-01-02,1
2020-12-29,1
2020-12-20,1
2020-12-11,1
2020-12-08,1
2020-11-22,1
2020-11-21,1
2020-11-15,1
2020-11-12,1
2020-11-07,1
2020-11-03,3
2020-11-02,3
2020-11-01,1
2020-10-31,2
2020-10-30,3
2020-10-29,1
2020-10-25,2
2020-10-19,1
2020-10-18,1
2020-10-16,2
2020-10-13,5
2020-10-06,1
2020-09-29,1
2020-09-28,1
2020-09-25,1
2020-09-24,1
2020-09-18,3
2020-09-15,2
2020-09-12,1
2020-09-11,2
2020-09-10,1
2020-09-09,1
2020-09-08,3
2020-09-06,2
2020-09-05,1
2020-08-22,1
2020-08-18,1
2020-08-15,1
2020-08-14,3
2020-08-09,1
2020-08-08,3
2020-08-06,1
2020-08-03,2
2020-08-02,3
2020-07-31,2
2020-07-28,2
2020-07-25,1
2020-07-23,1
2020-07-19,1
2020-07-12,2
2020-07-08,1
2020-07-06,1
2020-07-03,1
2020-07-02,1
2020-07-01,3
2020-06-23,1
2020-06-14,1
2020-06-11,3
2020-06-10,1
2020-06-09,3
2020-06-04,3
2020-06-01,3
2020-05-30,1
2020-05-28,1
2020-05-24,1
2020-05-21,1
2020-05-19,1
2020-05-16,1
2020-05-13,1
2020-05-05,2
2020-04-30,1
2020-04-28,1
2020-04-27,1
2020-04-25,1
2020-04-22,2
2020-04-18,3
2020-04-15,1
2020-04-14,1
2020-04-10,1
2020-04-04,5
2020-04-02,2
2020-03-27,1
2020-03-25,1
2020-03-24,1
2020-03-22,2
2020-03-18,1
2020-03-13,2
2020-03-12,6
2020-03-10,2
2020-03-09,1
2020-03-04,1
2020-03-02,1
2020-03-01,1
2020-02-28,1
2020-02-25,1
2020-02-21,1
2020-02-18,3
2020-02-15,5
2020-02-13,1
2020-02-11,1
2020-02-09,1
2020-02-02,2
2020-01-29,1
2020-01-28,4
2020-01-25,1
2020-01-23,3
2020-01-22,5
2020-01-18,1
2020-01-17,4
2020-01-16,5
2020-01-15,2
2020-01-13,1
2020-01-10,1
2020-01-04,1
2020-01-02,2
2019-12-31,1
2019-12-27,2
2019-12-26,1
2019-12-23,6
2019-12-18,2
2019-12-17,1
2019-12-16,8
2019-12-12,1
2019-12-11,1
2019-12-10,5
2019-12-07,1
2019-12-06,2
2019-12-05,1
2019-12-02,3
2019-11-26,2
2019-11-22,1
2019-11-19,1
2019-11-18,2
2019-11-17,2
2019-11-13,1
2019-11-12,1
2019-11-10,1
2019-11-06,2
2019-11-04,2
2019-11-01,1
2019-10-26,1
2019-10-25,1
2019-10-23,3
2019-10-22,2
2019-10-19,2
2019-10-18,1
2019-10-17,1
2019-10-11,4
2019-10-08,5
2019-10-07,1
2019-10-06,1
2019-10-01,1
2019-09-30,1
2019-09-26,1
2019-09-22,1
2019-09-20,1
2019-09-18,2
2019-09-16,2
2019-09-15,4
2019-09-13,1
2019-09-12,3
2019-09-10,2
2019-09-09,1
2019-09-07,2
2019-09-06,1
2019-09-03,1
2019-09-02,1
2019-08-31,3
2019-08-30,2
2019-08-29,1
2019-08-28,1
2019-08-27,1
2019-08-25,3
2019-08-23,1
2019-08-21,2
2019-08-20,2
2019-08-19,1
2019-08-18,3
2019-08-16,2
2019-08-14,2
2019-08-13,1
2019-08-07,2
2019-08-06,1
2019-08-05,1
2019-08-03,2
2019-07-30,3
2019-07-29,1
2019-07-28,2
2019-07-27,2
2019-07-26,1
2019-07-25,1
2019-07-23,1
2019-07-22,1
2019-07-20,2
2019-07-19,2
2019-07-17,1
2019-07-15,1
2019-07-13,1
2019-07-12,3
2019-07-11,1
2019-07-10,1
2019-07-03,1
2019-07-01,1
2019-06-26,3
2019-06-25,1
2019-06-24,1
2019-06-20,2
2019-06-10,1
2019-06-09,1
2019-06-07,1
2019-06-03,1
2019-05-25,2
2019-05-22,1
2019-05-20,3
2019-05-19,1
2019-05-14,2
2019-05-13,1
2019-05-12,2
2019-05-11,6
2019-05-10,2
2019-05-08,6
2019-05-06,2
2019-05-04,1
2019-05-03,3
2019-05-02,1
2019-04-30,1
2019-04-29,2
2019-04-26,6
2019-04-25,1
2019-04-24,1
2019-04-21,1
2019-04-19,1
2019-04-12,1
2019-04-09,2
2019-04-08,2
2019-04-02,6
2019-03-29,2
2019-03-28,1
2019-03-14,2
2019-03-13,1
2019-03-11,1
2019-03-10,1
2019-03-09,2
2019-03-08,1
2019-03-06,1
2019-03-04,1
2019-03-02,1
2019-02-25,2
2019-02-24,1
2019-02-19,1
2019-02-14,2
2019-02-12,1
2019-02-10,1
2019-02-01,1
2019-01-31,2
2019-01-30,1
2019-01-27,1
2019-01-23,2
2019-01-21,2
2019-01-20,2
2019-01-19,1
2019-01-18,2
2019-01-15,2
2019-01-14,2
2019-01-11,2
2019-01-08,1
2019-01-06,2
2019-01-01,2
2018-12-29,2
2018-12-28,2
2018-12-24,3
2018-12-19,3
2018-12-18,1
2018-12-17,1
2018-12-13,2
2018-12-08,1
2018-12-05,3
2018-12-03,2
2018-11-30,1
2018-11-27,1
2018-11-25,1
2018-11-19,1
2018-11-13,1
2018-11-12,2
2018-11-06,3
2018-11-05,1
2018-11-03,1
2018-10-28,1
2018-10-16,2
2018-10-13,1
2018-10-04,1
2018-09-30,1
2018-09-22,1
2018-09-20,2
2018-09-17,1
2018-09-09,3
2018-09-08,1
2018-09-06,1
2018-09-03,1
2018-09-02,1
2018-09-01,6
2018-08-29,3
2018-08-28,2
2018-08-22,1
2018-08-20,1
2018-08-17,1
2018-08-16,1
2018-08-12,1
2018-08-11,1
2018-08-10,4
2018-08-04,6
2018-08-03,2
2018-07-31,1
2018-07-29,1
2018-07-25,2
2018-07-24,1
2018-07-18,1
2018-07-14,1
2018-07-12,1
2018-07-11,1
2018-07-10,2
2018-07-08,1
2018-07-03,1
2018-06-30,1
2018-06-26,2
2018-06-23,2
2018-06-21,1
2018-06-17,1
2018-06-14,1
2018-06-13,1
2018-06-12,2
2018-06-11,3
2018-06-09,1
2018-06-08,2
2018-06-07,4
2018-06-05,1
2018-06-04,6
2018-06-01,3
2018-05-31,1
2018-05-28,1
2018-05-25,1
2018-05-23,1
2018-05-17,1
2018-05-16,2
2018-05-14,1
2018-05-05,1
2018-05-04,1
2018-04-27,1
2018-04-23,1
2018-04-20,1
2018-04-17,6
2018-04-13,1
2018-04-11,1
2018-04-08,1
2018-04-06,2
2018-04-04,1
2018-04-03,2
2018-04-02,4
2018-03-25,1
2018-03-22,2
2018-03-15,1
2018-03-14,1
2018-03-10,1
2018-03-09,1
2018-03-08,1
2018-03-07,2
2018-03-05,3
2018-03-03,2
2018-03-02,3
2018-03-01,1
2018-02-27,2
2018-02-24,1
2018-02-20,2
2018-02-02,1
2018-01-20,1
2018-01-18,2
2018-01-17,1
2018-01-15,1
2018-01-14,3
2018-01-13,2
2018-01-09,1
2018-01-08,2
2018-01-06,1
2018-01-04,2
2018-01-02,2
2017-12-31,2
2017-12-30,1
2017-12-29,1
2017-12-28,1
2017-12-24,1
2017-12-23,1
2017-12-16,4
2017-12-14,3
2017-12-10,1
2017-12-08,4
2017-12-03,2
2017-12-02,1
2017-12-01,1
2017-11-29,3
2017-11-23,1
2017-11-20,1
2017-11-19,1
2017-11-16,1
2017-11-09,2
2017-11-07,1
2017-11-01,1
2017-10-31,1
2017-10-25,1
2017-10-23,1
2017-10-22,1
2017-10-21,2
2017-10-20,2
2017-10-19,1
2017-10-18,1
2017-10-16,2
2017-10-14,2
2017-10-12,2
2017-10-11,6
2017-10-10,3
2017-10-07,1
2017-10-05,1
2017-09-30,1
2017-09-28,1
2017-09-25,1
2017-09-14,2
2017-09-07,2
2017-09-06,2
2017-09-03,1
2017-08-31,1
2017-08-30,2
2017-08-27,3
2017-08-16,1
2017-08-14,4
2017-08-04,2
2017-08-01,1
2017-07-31,1
2017-07-29,1
2017-07-15,2
2017-07-12,1
2017-07-09,1
2017-07-08,1
2017-07-04,1
2017-07-02,1
2017-06-30,1
2017-06-22,1
2017-06-21,1
2017-06-19,1
2017-05-30,1
2017-05-27,1
2017-04-27,1
2017-04-26,1
2017-04-23,2
2017-04-11,1
2017-04-03,1
2017-04-01,1
2017-03-30,3
2017-03-28,1
2017-03-18,1
2017-03-15,2
2017-03-07,1
2017-03-06,1
2017-02-25,1
2017-02-16,2
2017-02-03,1
2017-01-27,1
2017-01-26,2
2017-01-23,1
2017-01-06,1
2017-01-03,1
2017-01-02,1
2016-12-27,1
2016-12-26,1
2016-12-23,1
2016-12-04,6
2016-11-27,1
2016-10-20,3
2016-10-05,3
2016-10-02,1
2016-09-27,2
2016-09-23,1
2016-08-25,1
2016-08-12,1
2016-08-08,1
2016-08-02,1
2016-08-01,1
2016-07-30,3
2016-07-26,1
2016-07-23,1
2016-07-16,1
2016-07-13,1
2016-07-12,1
2016-07-06,2
2016-06-30,1
2016-06-29,2
2016-06-27,1
2016-06-26,1
2016-06-21,2
2016-06-17,1
2016-06-16,2
2016-06-13,1
2016-06-06,2
2016-06-03,1
2016-05-31,2
2016-05-28,1
2016-05-24,2
2016-05-21,1
2016-05-13,1
2016-05-11,1
2016-05-09,1
2016-05-03,1
2016-04-25,1
2016-04-21,1
2016-04-10,1
2016-04-02,1
2016-04-01,1
2016-03-28,1
2016-03-15,1
2016-03-12,2
2016-03-08,1
2016-03-01,1
2016-02-28,2
2016-02-27,1
2016-02-26,1
2016-02-25,3
2016-02-24,1
2016-02-13,1
2016-02-08,2
2016-01-23,2
2016-01-22,1
2016-01-16,1
2016-01-07,1
2016-01-06,1
2016-01-03,1
2016-01-02,2
