date,Sent_Count,favorites,Count,sentcount1day,favcount1day,econcount1day,job_change1day,growthgap1day,change1day
2016-05-11,-6,211703,1,2.0,159922.0,1.0,197.0,1.8,0.001556647370725267
2016-05-24,-5,124673,2,-6.0,211703.0,1.0,197.0,1.8,-0.006781780578134754
2016-05-31,7,122838,2,-5.0,124673.0,2.0,197.0,1.8,0.008245622544502194
2016-06-03,7,172336,1,7.0,122838.0,2.0,197.0,1.5,-0.0034194528875379888
2016-06-06,-4,129170,2,7.0,172336.0,1.0,41.0,1.5,0.000142687277051135
2016-06-13,-2,182567,1,-4.0,129170.0,2.0,41.0,1.5,0.0030849549121974643
2016-06-16,2,56606,2,-2.0,182567.0,1.0,41.0,1.5,-0.004346580053496489
2016-06-17,2,140091,1,2.0,56606.0,2.0,41.0,1.5,0.002984356197352609
2016-06-21,-8,244789,2,2.0,140091.0,1.0,41.0,1.5,-0.003137519911183942
2016-06-27,-1,108981,1,-8.0,244789.0,2.0,41.0,1.5,0.0006721075372058874
2016-06-29,2,113064,2,-1.0,108981.0,1.0,41.0,1.5,-0.009871521404831636
2016-06-30,-3,137945,1,2.0,113064.0,2.0,41.0,1.2,0.008884983401679326
2016-07-06,-7,265949,2,-3.0,137945.0,1.0,41.0,1.2,0.010955069736016513
2016-07-12,-1,285599,1,-7.0,265949.0,2.0,41.0,1.2,0.008805273540874677
2016-07-13,-7,255007,1,-1.0,285599.0,1.0,258.0,1.2,0.001957768144315422
2016-07-26,-3,479213,1,-7.0,255007.0,1.0,258.0,1.2,-0.002413665057556676
2016-08-01,-11,454687,1,-3.0,479213.0,1.0,258.0,1.2,0.0010160254930032737
2016-08-02,-3,325161,1,-11.0,454687.0,1.0,258.0,0.1,-0.0011510658870113725
2016-08-08,0,172874,1,-3.0,325161.0,1.0,258.0,0.1,-0.0050773136395107065
2016-08-12,-1,250298,1,0.0,172874.0,1.0,371.0,0.1,-0.0016025641025640765
2016-08-25,-1,205661,1,-1.0,250298.0,1.0,371.0,0.1,0.000778780521324916
2016-09-23,0,106014,1,-1.0,205661.0,1.0,371.0,0.1,0.0013799448022078333
2016-09-27,4,959835,2,0.0,106014.0,1.0,143.0,0.2,-0.0033684016242155304
2016-10-05,-3,924564,3,4.0,959835.0,2.0,143.0,0.2,0.0071011445923848705
2016-10-20,-5,1345482,3,-3.0,924564.0,3.0,143.0,-0.1,0.0010213082029617883
2017-01-03,1,480914,1,-5.0,1345482.0,3.0,289.0,-0.1,4.67573759760177e-05
2017-01-06,-2,606256,1,1.0,480914.0,1.0,130.0,-1.3,0.0008887308922858918
2017-01-26,-3,827391,2,-2.0,606256.0,1.0,214.0,-1.3,0.003001809914801601
2017-01-27,-2,719908,1,-3.0,827391.0,2.0,214.0,-1.3,-0.0003051438535309205
2017-02-16,3,556404,2,-2.0,719908.0,1.0,214.0,0.6,-0.0019614680498648267
2017-03-07,1,649797,1,3.0,556404.0,2.0,197.0,0.6,-0.0009789316875930614
2017-03-15,1,515826,2,1.0,649797.0,1.0,197.0,0.6,-0.0015166835187058207
2017-03-28,1,567799,1,1.0,515826.0,2.0,183.0,0.6,0.005851153392827018
2017-03-30,0,327343,3,1.0,567799.0,1.0,183.0,0.6,0.008788099627041551
2017-04-03,2,527491,1,0.0,327343.0,3.0,183.0,0.4,0.0034823969083110085
2017-04-11,0,269825,1,2.0,527491.0,1.0,183.0,0.4,-0.0019932145886344312
2017-04-26,-1,407113,1,0.0,269825.0,1.0,139.0,0.4,0.000681140911025954
2017-04-27,-8,545948,1,-1.0,407113.0,1.0,139.0,0.4,-0.00046119659553052375
2017-05-30,-2,211121,1,-8.0,545948.0,1.0,139.0,0.4,-0.0007119822423253168
2017-06-19,4,383712,1,-2.0,211121.0,1.0,220.0,1.1,0.0006629651114609952
2017-06-30,0,500552,1,4.0,383712.0,1.0,141.0,1.1,0.004392626955129493
2017-07-12,4,912673,1,0.0,500552.0,1.0,141.0,0.9,-0.001981178801386783
2017-07-31,-2,318543,1,4.0,912673.0,1.0,211.0,0.9,0.0029182079736949427
2017-08-04,5,515529,2,-2.0,318543.0,1.0,211.0,-0.9,-0.0024255164328738092
2017-08-14,3,542279,4,5.0,515529.0,2.0,228.0,-0.9,-0.00044440853264388183
2017-08-16,2,663834,1,3.0,542279.0,4.0,228.0,-0.9,0.00386823567734838
2017-08-30,0,438175,2,2.0,663834.0,1.0,228.0,-0.9,-0.0006879527336004853
2017-09-06,5,436346,2,0.0,438175.0,2.0,228.0,-1.3,0.004819670791978019
2017-09-07,-1,422318,2,5.0,436346.0,2.0,190.0,-1.3,0.00024307243558581378
2017-09-14,-1,818266,2,-1.0,422318.0,2.0,190.0,-1.3,-0.0015369059656218222
2017-09-25,1,926179,1,-1.0,818266.0,2.0,190.0,-1.3,0.0011609287429943634
2017-09-28,0,368667,1,1.0,926179.0,1.0,190.0,-1.3,-0.0008830022075055142
2017-10-05,-3,509535,1,0.0,368667.0,1.0,190.0,-1.4,0.0024826812957994817
2017-10-10,4,651858,3,-3.0,509535.0,1.0,190.0,-1.4,0.004417448923246843
2017-10-11,5,845697,6,4.0,651858.0,3.0,42.0,-1.4,7.855459544387366e-05
2017-10-12,-3,502714,2,5.0,845697.0,6.0,42.0,-1.4,0.0020038505363247786
2017-10-16,6,502283,2,-3.0,502714.0,2.0,42.0,-1.4,-7.85360873321693e-05
2017-10-18,-1,938346,1,6.0,502283.0,2.0,42.0,-1.4,0.0003134673406213866
2017-10-19,1,407866,1,-1.0,938346.0,1.0,42.0,-1.4,-0.0007033997655334381
2017-10-20,1,616294,2,1.0,407866.0,1.0,42.0,-1.4,0.0037672173605932564
2017-10-23,2,336116,1,1.0,616294.0,2.0,42.0,-1.4,0.001597195169458609
2017-10-25,3,666207,1,2.0,336116.0,1.0,42.0,-1.4,-0.005320801615659486
2017-10-31,-2,774595,1,3.0,666207.0,1.0,42.0,-1.4,-0.003474119759544128
2017-11-01,1,869079,1,-2.0,774595.0,1.0,42.0,-0.1,-0.00011664981724873457
2017-11-07,3,416423,1,1.0,869079.0,1.0,42.0,-0.1,-0.0021314524879864024
2017-11-09,5,343497,2,3.0,416423.0,1.0,249.0,-0.1,-0.001158435340000816
2017-11-20,-5,386485,1,5.0,343497.0,2.0,249.0,-0.1,0.0017072129748185994
2017-11-29,0,873824,3,-5.0,386485.0,1.0,249.0,-0.1,0.0006198187030294609
2017-12-01,-3,759569,1,0.0,873824.0,3.0,249.0,-0.4,-0.0011786175956201134
2017-12-14,3,357900,3,-3.0,759569.0,1.0,249.0,-0.4,-0.001133101676990525
2017-12-28,2,508435,1,3.0,357900.0,3.0,196.0,-0.4,-0.0053540005241676965
2017-12-29,1,486530,1,2.0,508435.0,1.0,196.0,-0.3,-7.465750867886749e-05
2018-01-02,2,968955,2,1.0,486530.0,1.0,196.0,-0.3,-0.006219044427065726
2018-01-04,1,955328,2,2.0,968955.0,2.0,196.0,-0.3,0.003472222222222248
2018-01-08,-6,505238,2,1.0,955328.0,2.0,196.0,-0.3,0.0015117994100295909
2018-01-18,5,1057435,2,-6.0,505238.0,2.0,179.0,-0.3,0.0022318978449380323
2018-02-02,6,573930,1,5.0,1057435.0,2.0,179.0,-0.3,-0.001216545012165564
2018-02-20,10,851594,2,6.0,573930.0,1.0,81.0,1.3,-0.016530991145387017
2018-02-27,0,506895,2,10.0,851594.0,2.0,81.0,1.3,-0.002315921038120779
2018-03-01,-3,332230,1,0.0,506895.0,2.0,81.0,1.3,-0.013232174319513885
2018-03-02,-1,762012,3,-3.0,332230.0,1.0,81.0,1.4,-0.013669356324380221
2018-03-05,-6,518197,3,-1.0,762012.0,3.0,81.0,1.4,0.012340105342362576
2018-03-07,5,370938,2,-6.0,518197.0,3.0,81.0,1.4,0.016658573936428413
2018-03-14,2,621438,1,5.0,370938.0,2.0,81.0,1.4,0.008727165150506458
2018-03-15,2,339002,1,2.0,621438.0,1.0,378.0,1.4,-0.00903495194557428
2018-03-22,-3,642413,2,2.0,339002.0,1.0,378.0,1.4,-0.003189792663476857
2018-04-02,-2,573480,4,-3.0,642413.0,2.0,378.0,1.4,-0.015826210294501916
2018-04-03,3,943912,2,-2.0,573480.0,4.0,378.0,1.0,-0.01934869548657393
2018-04-04,0,501252,1,3.0,943912.0,2.0,378.0,1.0,0.00733959130065275
2018-04-06,1,400355,2,0.0,501252.0,1.0,378.0,1.0,0.026523855890944508
2018-04-11,3,708799,1,1.0,400355.0,2.0,195.0,1.0,-0.014046010173866785
2018-04-13,-1,587745,1,3.0,708799.0,1.0,195.0,1.0,0.00110069457623245
2018-04-17,-8,624720,6,-1.0,587745.0,1.0,195.0,1.0,-0.008451441606521998
2018-04-20,1,848005,1,-8.0,624720.0,6.0,195.0,1.0,0.003193108825604328
2018-04-23,-1,385373,1,1.0,848005.0,1.0,195.0,1.0,-0.008184219337078191
2018-04-27,7,785417,1,-1.0,385373.0,1.0,195.0,1.0,-0.002581755593803778
2018-05-14,4,667810,1,7.0,785417.0,1.0,195.0,1.5,-0.0016479400749063585
2018-05-16,6,513968,2,4.0,667810.0,1.0,153.0,1.5,-0.0013170410477791644
2018-05-17,3,723042,1,6.0,513968.0,2.0,153.0,1.5,0.004056944751788828
2018-05-23,2,1053420,1,3.0,723042.0,1.0,153.0,1.5,0.00025740972273293074
2018-05-25,-3,930625,1,2.0,1053420.0,1.0,153.0,1.5,0.008076114614448494
2018-05-31,-4,774131,1,-3.0,930625.0,1.0,153.0,1.5,0.0
2018-06-01,0,408865,3,-4.0,774131.0,1.0,153.0,1.6,-0.004446077530773395
2018-06-04,-2,755823,6,0.0,408865.0,3.0,270.0,1.6,0.004368415256414954
2018-06-05,4,1081618,1,-2.0,755823.0,6.0,270.0,1.6,0.001347757986376733
2018-06-07,-5,1134954,4,4.0,1081618.0,1.0,270.0,1.6,0.00018178512997640928
2018-06-08,-6,500219,2,-5.0,1134954.0,4.0,270.0,1.6,-0.0020867062421298225
2018-06-11,-4,1055832,3,-6.0,500219.0,2.0,270.0,1.6,0.004840166154957468
2018-06-12,5,932842,2,-4.0,1055832.0,3.0,270.0,1.6,0.0004309725614136063
2018-06-13,19,1508644,1,5.0,932842.0,2.0,270.0,1.6,-0.0003942228434216995
2018-06-14,1,562614,1,19.0,1508644.0,1.0,270.0,1.6,-0.004154876607328432
2018-06-21,8,1292326,1,1.0,562614.0,1.0,270.0,1.6,-0.0010035482599189017
2018-06-26,1,786847,2,8.0,1292326.0,1.0,270.0,1.6,-0.006232787360486921
2018-07-03,5,1215032,1,1.0,786847.0,2.0,270.0,1.6,-0.00014725371815624952
2018-07-10,4,923929,2,5.0,1215032.0,1.0,270.0,1.8,-0.0072195550994980295
2018-07-11,-2,669961,1,4.0,923929.0,2.0,214.0,1.8,0.0017599942530798184
2018-07-12,-3,529895,1,-2.0,669961.0,1.0,214.0,1.8,-0.0010463647844126418
2018-07-18,19,1032228,1,-3.0,529895.0,1.0,214.0,1.8,0.00391691821187305
2018-07-24,5,881968,1,19.0,1032228.0,1.0,214.0,1.8,0.0017821499857428
2018-07-25,10,1033629,2,5.0,881968.0,1.0,214.0,1.8,-0.0006387735547748565
2018-07-31,5,1051292,1,10.0,1033629.0,2.0,214.0,1.8,0.009526179220132965
2018-08-03,4,542557,2,5.0,1051292.0,1.0,214.0,-1.4,0.0018517859050602966
2018-08-10,-2,813277,4,4.0,542557.0,2.0,149.0,-1.4,0.003787208438042155
2018-08-16,-2,1299042,1,-2.0,813277.0,4.0,149.0,-1.4,-0.001023108131945541
2018-08-17,6,1158286,1,-2.0,1299042.0,1.0,149.0,-1.4,0.002328863796753793
2018-08-20,-3,664383,1,6.0,1158286.0,1.0,149.0,-1.4,0.004333579959835177
2018-08-22,-1,847609,1,-3.0,664383.0,1.0,149.0,-1.4,0.00035017683930392806
2018-08-28,-1,658535,2,-1.0,847609.0,1.0,149.0,-1.4,0.0010144116412481477
2018-08-29,-2,1693439,3,-1.0,658535.0,2.0,149.0,-1.4,-0.0013089906992765946
2018-09-06,3,694934,1,-2.0,1693439.0,3.0,149.0,-1.5,0.004549214226633558
2018-09-17,3,708509,1,3.0,694934.0,1.0,149.0,-1.5,-0.0034238284627354397
2018-09-20,5,795432,2,3.0,708509.0,1.0,229.0,-1.5,-0.005089058524173091
2018-10-04,6,922971,1,5.0,795432.0,2.0,229.0,-1.5,0.003212137780207757
2018-10-16,-5,1196405,2,6.0,922971.0,1.0,229.0,-1.4,-0.005975685143210415
2018-11-05,0,923644,1,-5.0,1196405.0,2.0,105.0,-1.4,0.013738250180766284
2018-11-06,11,673896,3,0.0,923644.0,1.0,212.0,-1.4,0.003487006313316652
2018-11-12,1,732490,2,11.0,673896.0,3.0,212.0,-1.4,0.006585687106688173
2018-11-13,-1,1165047,1,1.0,732490.0,2.0,212.0,-1.4,-0.016667267938958855
2018-11-19,-1,469413,1,-1.0,1165047.0,1.0,212.0,-1.4,-0.003771650371672243
2018-11-27,-4,513250,1,-1.0,469413.0,1.0,212.0,-1.4,-0.014466214978941544
2018-11-30,7,835669,1,-4.0,513250.0,1.0,212.0,-1.4,0.007734474731546153
2018-12-03,6,966149,2,7.0,835669.0,1.0,212.0,-1.4,0.006719988313063712
2018-12-13,-2,843915,2,6.0,966149.0,2.0,212.0,-1.4,-0.003496503496503359
2018-12-17,10,443516,1,-2.0,843915.0,2.0,92.0,-1.4,-0.004314873180249052
2018-12-18,1,585138,1,10.0,443516.0,1.0,92.0,-1.4,-0.015574402467231938
2018-12-19,-1,927199,3,1.0,585138.0,1.0,92.0,-1.4,-0.008242612752721527
2018-12-24,3,1732670,3,-1.0,927199.0,3.0,92.0,-1.4,-0.01532311792138573
2018-12-28,-2,568052,2,3.0,1732670.0,3.0,92.0,-1.3,-0.019661981258366757
2019-01-08,5,561057,1,-2.0,568052.0,2.0,92.0,-1.3,-0.007332318294735205
2019-01-11,-3,1236372,2,5.0,561057.0,1.0,240.0,-1.3,-0.00019468888715836531
2019-01-14,8,1426206,2,-3.0,1236372.0,2.0,240.0,-1.3,0.005045017075442453
2019-01-15,-2,971503,2,8.0,1426206.0,2.0,240.0,-1.3,0.0021023125437980364
2019-01-18,1,1301787,2,-2.0,971503.0,2.0,240.0,-1.3,0.009813047862850165
2019-01-23,3,997145,2,1.0,1301787.0,2.0,240.0,-1.3,0.0055853271945051
2019-01-30,-3,1009294,1,3.0,997145.0,2.0,240.0,-1.3,-0.002272641187833665
2019-01-31,1,1341093,2,-3.0,1009294.0,1.0,240.0,-1.3,0.009354960392304644
2019-02-01,1,1042088,1,1.0,1341093.0,2.0,240.0,-1.3,0.00904639078912944
2019-02-14,-6,753331,2,1.0,1042088.0,1.0,237.0,-1.3,-0.00033314825097158977
2019-02-19,-9,1173355,1,-6.0,753331.0,2.0,237.0,-1.3,0.002191540653079198
2019-02-25,7,1281802,2,-9.0,1173355.0,1.0,237.0,-1.3,0.004955150462962979
2019-03-04,4,830965,1,7.0,1281802.0,2.0,237.0,-1.3,-0.004310191287001875
2019-03-06,-4,489165,1,4.0,830965.0,1.0,237.0,-1.3,-0.007812500000000161
2019-03-08,-6,1154677,1,-4.0,489165.0,1.0,237.0,-1.3,-0.006519792226401552
2019-03-11,-11,366490,1,-6.0,1154677.0,1.0,-50.0,-1.3,0.005568989521506492
2019-03-13,-2,1401800,1,-11.0,366490.0,1.0,-50.0,-1.3,0.011552713797863864
2019-03-14,-5,1042503,2,-2.0,1401800.0,1.0,-50.0,-1.3,0.0030661722760979638
2019-03-28,-9,1241762,1,-5.0,1042503.0,2.0,-50.0,-1.3,-0.0007463482247573642
2019-03-29,3,1331236,2,-9.0,1241762.0,1.0,-50.0,-0.9,0.0012841091492775346
2019-04-02,9,1175644,6,3.0,1331236.0,2.0,-50.0,-0.9,0.00031870816955285896
2019-04-08,-1,569966,2,9.0,1175644.0,6.0,-50.0,-0.9,-0.00024472101803941116
2019-04-09,-4,941174,2,-1.0,569966.0,2.0,168.0,-0.9,0.002395001735508496
2019-04-12,0,980196,1,-4.0,941174.0,2.0,168.0,-0.9,-0.0014249965243988078
2019-04-24,6,1342193,1,0.0,980196.0,1.0,168.0,-0.9,0.0005517241379311207
2019-04-25,-10,680703,1,6.0,1342193.0,1.0,168.0,-0.9,-0.0019126336281976922
2019-04-26,6,830502,6,-10.0,680703.0,1.0,168.0,-0.9,-0.00023962755032176227
2019-04-29,0,801554,2,6.0,830502.0,6.0,168.0,-0.3,0.00448476549127012
2019-04-30,-5,937582,1,0.0,801554.0,2.0,168.0,-0.3,0.0012265340192838868
2019-05-02,2,638328,1,-5.0,937582.0,1.0,168.0,-0.3,0.0018058536917781613
2019-05-03,-1,1349242,3,2.0,638328.0,1.0,168.0,-0.3,-0.001714207350521119
2019-05-06,10,1270230,2,-1.0,1349242.0,3.0,219.0,-0.3,0.0041322314049586075
2019-05-08,2,1576203,6,10.0,1270230.0,2.0,219.0,-0.3,0.012342264477095912
2019-05-10,7,1288873,2,2.0,1576203.0,6.0,219.0,-0.3,0.0
2019-05-13,3,1709184,1,7.0,1288873.0,2.0,219.0,-0.3,0.0086828653455641
2019-05-14,19,1066313,2,3.0,1709184.0,1.0,219.0,-0.3,-0.005523688124070541
2019-05-20,4,959035,3,19.0,1066313.0,2.0,219.0,-0.3,0.0050001773112520595
2019-05-22,-3,1546961,1,4.0,959035.0,3.0,219.0,-0.3,-0.0003872421319440035
2019-06-03,-1,1267241,1,-3.0,1546961.0,1.0,219.0,-0.3,0.0006305832895428512
2019-06-07,0,1028820,1,-1.0,1267241.0,1.0,219.0,-0.2,-0.0026878791180851014
2019-06-10,2,752543,1,0.0,1028820.0,1.0,63.0,-0.2,0.0060154583289615295
2019-06-20,5,552969,2,2.0,752543.0,1.0,63.0,-0.2,-0.0013823133013096632
2019-06-24,6,563084,1,5.0,552969.0,2.0,63.0,-0.2,-0.0006080259424402338
2019-06-25,14,659232,1,6.0,563084.0,1.0,63.0,-0.2,-0.0020052340006118745
2019-06-26,4,1492496,3,14.0,659232.0,1.0,63.0,-0.2,-0.01001021450459652
2019-07-01,3,1317964,1,4.0,1492496.0,3.0,63.0,-0.2,-0.004387317909168715
2019-07-03,2,1810588,1,3.0,1317964.0,1.0,63.0,-0.2,-0.00343804772819193
2019-07-10,13,1279976,1,2.0,1810588.0,1.0,63.0,-0.2,0.005451241671714128
2019-07-11,23,1657002,1,13.0,1279976.0,1.0,175.0,-0.2,0.0008043704125750212
2019-07-12,-2,1146969,3,23.0,1657002.0,1.0,175.0,-0.2,-3.340906053718731e-05
2019-07-15,-4,2348843,1,-2.0,1146969.0,3.0,175.0,-0.2,0.002668000667000015
2019-07-17,4,1614409,1,-4.0,2348843.0,1.0,175.0,-0.2,-0.001261913459303276
2019-07-19,27,1712780,2,4.0,1614409.0,1.0,175.0,-0.2,-0.006705587989991629
2019-07-22,-16,1616309,1,27.0,1712780.0,2.0,175.0,-0.2,-0.009565391281162529
2019-07-23,-2,1539406,1,-16.0,1616309.0,1.0,175.0,-0.2,0.0009744296226604066
2019-07-25,-5,1869345,1,-2.0,1539406.0,1.0,175.0,-0.2,0.002975195560607028
2019-07-26,-5,1187667,1,-5.0,1869345.0,1.0,175.0,-0.2,-0.0031235462218382327
2019-07-29,-7,1523329,1,-5.0,1187667.0,1.0,175.0,-0.6,0.004156137784279825
2019-07-30,-5,1670728,3,-7.0,1523329.0,1.0,175.0,-0.6,-0.0013912813038293886
2019-08-05,-4,872292,1,-5.0,1670728.0,3.0,175.0,-0.6,0.002700810243072929
2019-08-06,2,1044782,1,-4.0,872292.0,1.0,193.0,-0.6,-0.014821757089798266
2019-08-07,-7,1544643,2,2.0,1044782.0,1.0,193.0,-0.6,0.0066104718267985954
2019-08-13,1,1082547,1,-7.0,1544643.0,2.0,193.0,-0.6,0.012552742616033931
2019-08-14,1,1099236,2,1.0,1082547.0,1.0,193.0,-0.6,0.016716480155696118
2019-08-16,13,1275699,2,1.0,1099236.0,2.0,193.0,-0.6,-0.014475648279932016
2019-08-19,-5,939052,1,13.0,1275699.0,2.0,193.0,-0.6,0.008272828818765723
2019-08-20,6,1327078,2,-5.0,939052.0,1.0,193.0,-0.6,0.0004791402854306662
2019-08-21,7,1233104,2,6.0,1327078.0,2.0,193.0,-0.6,-0.005757960037015481
2019-08-23,9,1351913,1,7.0,1233104.0,2.0,193.0,-0.6,-0.00010257111597384284
2019-08-27,8,1142610,1,9.0,1351913.0,1.0,193.0,-0.6,-0.02086484256840366
2019-08-28,2,1176890,1,8.0,1142610.0,1.0,193.0,-0.6,-0.009221523796366704
2019-08-29,-3,869343,1,2.0,1176890.0,1.0,193.0,-0.6,0.00961068008667086
2019-08-30,-11,985365,2,-3.0,869343.0,1.0,193.0,-0.5,0.0029480323597969173
2019-09-03,-4,685699,1,-11.0,985365.0,2.0,193.0,-0.5,-0.006015906464550467
2019-09-06,4,1163263,1,-4.0,685699.0,1.0,193.0,-0.5,0.000585056957015576
2019-09-09,1,1412409,1,4.0,1163263.0,1.0,195.0,-0.5,-0.000402454975349648
2019-09-10,2,632794,2,1.0,1412409.0,1.0,195.0,-0.5,-0.0031423413786187
2019-09-12,4,865484,3,2.0,632794.0,2.0,195.0,-0.5,0.00258945386064024
2019-09-13,0,637695,1,4.0,865484.0,3.0,195.0,-0.5,0.0001327800829876198
2019-09-16,2,1386048,2,0.0,637695.0,1.0,195.0,-0.5,-0.002286433825965928
2019-09-18,5,950009,2,2.0,1386048.0,2.0,195.0,-0.5,0.0010672358591250334
2019-09-20,9,572634,1,5.0,950009.0,2.0,195.0,-0.5,0.0020300176378582105
2019-09-26,-5,1194995,1,9.0,572634.0,1.0,195.0,-0.5,-0.006925023305367029
2019-09-30,8,2227003,1,-5.0,1194995.0,1.0,195.0,-0.5,-0.0021167221046265346
2019-10-01,-3,1434694,1,8.0,2227003.0,1.0,195.0,-0.5,0.002702976653039005
2019-10-07,5,1288383,1,-3.0,1434694.0,1.0,195.0,-0.5,-0.015113857728219254
2019-10-08,4,1259436,5,5.0,1288383.0,1.0,221.0,-0.5,-0.0013289262957032854
2019-10-11,-3,963763,4,4.0,1259436.0,5.0,221.0,-0.5,-0.008624244090159591
2019-10-17,-3,1600257,1,-3.0,963763.0,4.0,221.0,-0.5,3.375299557832688e-05
2019-10-18,6,1196087,1,-3.0,1600257.0,1.0,221.0,-0.5,-0.0013347570742126072
2019-10-22,-14,929634,2,6.0,1196087.0,1.0,221.0,-0.5,-0.0024105259633732984
2019-10-23,11,1193459,3,-14.0,929634.0,2.0,221.0,-0.5,-0.005223235078847539
2019-10-25,2,1208800,1,11.0,1193459.0,3.0,221.0,-0.5,0.003849630100759807
2019-11-01,3,2213314,1,2.0,1208800.0,1.0,221.0,-0.5,0.006205377994261739
2019-11-04,-7,1514627,2,3.0,2213314.0,1.0,195.0,0.7,0.004001049455594813
2019-11-06,-2,1001507,2,-7.0,1514627.0,2.0,195.0,0.7,-0.001559200909533923
2019-11-12,1,624508,1,-2.0,1001507.0,2.0,195.0,0.7,0.00022799075008973077
2019-11-13,-9,783710,1,1.0,624508.0,1.0,195.0,0.7,0.0008097165991902834
2019-11-18,-4,774768,2,-9.0,783710.0,1.0,195.0,0.7,0.003864765678282607
2019-11-19,-15,487043,1,-4.0,774768.0,2.0,195.0,0.7,0.0015728822264308704
2019-11-22,-6,803417,1,-15.0,487043.0,1.0,195.0,0.7,-0.002398618395804017
2019-11-26,-1,687302,2,-6.0,803417.0,1.0,195.0,0.7,-0.0004178854993731572
2019-12-02,11,1743763,3,-1.0,687302.0,2.0,195.0,0.7,0.002137774799782901
2019-12-05,9,1068669,1,11.0,1743763.0,3.0,195.0,0.5,-0.009377284719793984
2019-12-06,-3,1180678,2,9.0,1068669.0,1.0,195.0,0.5,-0.0006725811100792247
2019-12-10,21,1122395,5,-3.0,1180678.0,2.0,234.0,0.5,0.002387622564624984
2019-12-11,-16,760424,1,21.0,1122395.0,5.0,234.0,0.5,-0.0009240966158945269
2019-12-12,-13,1168520,1,-16.0,760424.0,1.0,234.0,0.5,0.001241919561825441
2019-12-16,-2,922998,8,-13.0,1168520.0,1.0,234.0,0.5,0.008586966892472056
2019-12-17,12,1050193,1,-2.0,922998.0,8.0,234.0,0.5,0.0008771380239332518
2019-12-18,-17,1844648,2,12.0,1050193.0,1.0,234.0,0.5,-0.00109402350587654
2019-12-23,-11,541153,6,-17.0,1844648.0,2.0,234.0,0.5,-0.001281250000000078
2019-12-26,-8,1177514,1,-11.0,541153.0,6.0,234.0,0.5,-0.001150533287726446
2019-12-27,7,968491,2,-8.0,1177514.0,1.0,234.0,0.5,0.004010570495880679
2019-12-31,3,2049397,1,7.0,968491.0,2.0,234.0,0.5,-0.002718230678939876
2020-01-02,-1,678692,2,3.0,2049397.0,1.0,234.0,0.5,0.004149377593361124
2020-01-10,1,1130827,1,-1.0,678692.0,2.0,234.0,0.5,0.004110774556469012
2020-01-13,-2,1376843,1,1.0,1130827.0,1.0,161.0,0.5,-0.004827522991842222
2020-01-15,7,879021,2,-2.0,1376843.0,1.0,161.0,0.5,0.004779558197248697
2020-01-16,6,1156311,5,7.0,879021.0,2.0,161.0,0.5,0.0025660607912020013
2020-01-17,1,1743817,4,6.0,1156311.0,5.0,161.0,0.5,0.003700333636639452
2020-01-22,-16,1169836,5,1.0,1743817.0,4.0,161.0,0.5,0.0007536930961712392
2020-01-23,-11,1727546,3,-16.0,1169836.0,5.0,161.0,0.5,-0.002708885143270028
2020-01-28,-5,1240445,4,-11.0,1727546.0,3.0,161.0,0.5,0.003296736533285037
2020-01-29,-1,1893224,1,-5.0,1240445.0,4.0,161.0,0.5,0.005629729896019148
2020-02-11,-9,1108653,1,-1.0,1893224.0,1.0,161.0,0.5,-0.005359644314513645
2020-02-13,2,885803,1,-9.0,1108653.0,1.0,315.0,0.3,-0.002677296525464166
2020-02-18,-17,1610695,3,2.0,885803.0,1.0,315.0,0.3,0.003572917286964773
2020-02-21,-3,876680,1,-17.0,1610695.0,3.0,315.0,0.3,0.0006537695759413607
2020-02-25,-6,677317,1,-3.0,876680.0,1.0,315.0,0.3,-0.005931976033624494
2020-02-28,-4,1472639,1,-6.0,677317.0,1.0,315.0,0.3,-0.034852133111070015
2020-03-02,2,1459062,1,-4.0,1472639.0,1.0,315.0,0.3,0.02618635261517147
2020-03-04,6,2250760,1,2.0,1459062.0,1.0,315.0,0.3,0.03648435666141309
2020-03-09,-5,1653079,1,6.0,2250760.0,1.0,315.0,0.3,0.02201750947340915
2020-03-10,10,1153741,2,-5.0,1653079.0,1.0,289.0,0.3,-0.0038866690882673203
2020-03-12,-2,805272,6,10.0,1153741.0,2.0,289.0,0.3,0.013279932546374471
2020-03-13,3,1869644,2,-2.0,805272.0,6.0,289.0,0.3,-0.03082031249999995
2020-03-18,-4,2319454,1,3.0,1869644.0,2.0,289.0,0.3,0.02368010946824288
2020-03-24,5,2092812,1,-4.0,2319454.0,1.0,289.0,0.3,0.015873015873015872
2020-03-25,5,1828109,1,5.0,2092812.0,1.0,289.0,0.3,0.037240849756846765
2020-03-27,8,1632975,1,5.0,1828109.0,1.0,289.0,0.3,0.007840895168865061
2020-04-02,2,787430,2,8.0,1632975.0,1.0,289.0,0.2,0.0005922533264894272
2020-04-14,5,1434409,1,2.0,787430.0,2.0,289.0,0.2,0.02708103919409444
2020-04-15,0,572916,1,5.0,1434409.0,1.0,-1683.0,0.2,0.010000711794433776
2020-04-22,0,1457101,2,0.0,572916.0,1.0,-1683.0,0.2,0.0006845120149872022
2020-04-27,-9,1517091,1,0.0,1457101.0,2.0,-1683.0,0.2,0.002694449434165618
2020-04-28,1,941176,1,-9.0,1517091.0,1.0,-1683.0,0.2,0.006769079685746375
2020-04-30,-6,1949980,1,1.0,941176.0,1.0,-1683.0,0.2,-0.01817744484915114
2020-05-05,4,1641920,2,-6.0,1949980.0,1.0,-1683.0,-0.2,-0.004216516403277095
2020-05-13,-2,1419634,1,4.0,1641920.0,2.0,-1683.0,-0.2,-0.0015699134803237116
2020-05-19,0,854817,1,-2.0,1419634.0,1.0,-20679.0,-0.2,-0.015591134726980285
2020-05-21,6,1410947,1,0.0,854817.0,1.0,-20679.0,-0.2,-0.008085612366230661
2020-05-28,-13,2511463,1,6.0,1410947.0,1.0,-20679.0,-0.2,-0.0064355268034638115
2020-06-01,3,2118172,3,-13.0,2511463.0,1.0,-20679.0,0.0,-0.005514524864598557
2020-06-04,-3,5207368,3,3.0,2118172.0,3.0,-20679.0,0.0,0.006356629998023868
2020-06-09,4,2425112,3,-3.0,5207368.0,3.0,-20679.0,0.0,0.0008035742984796374
2020-06-10,4,1799274,1,4.0,2425112.0,3.0,2833.0,0.0,0.0015298157976896946
2020-06-11,9,2740013,3,4.0,1799274.0,1.0,2833.0,0.0,-0.007529089664613328
2020-06-23,3,1870480,1,9.0,2740013.0,3.0,2833.0,0.0,-0.03483593398831299
2020-07-01,-8,2032008,3,3.0,1870480.0,1.0,2833.0,0.0,-0.004593447956872621
2020-07-02,-6,1427520,1,-8.0,2032008.0,3.0,2833.0,0.0,0.0030687728139031194
2020-07-06,-5,2930974,1,-6.0,1427520.0,1.0,4846.0,0.0,-0.006396384928716875
2020-07-08,0,1134081,1,-5.0,2930974.0,1.0,4846.0,0.0,0.0021493820526598817
2020-07-23,-14,1056041,1,0.0,1134081.0,1.0,4846.0,0.0,0.004990305457550596
2020-07-28,0,711215,2,-14.0,1056041.0,1.0,4846.0,0.0,-0.010751370723190636
2020-07-31,6,1154824,2,0.0,711215.0,2.0,4846.0,0.0,-0.003907824954253607
2020-08-03,2,1604674,2,6.0,1154824.0,2.0,4846.0,1.5,0.0019024240564590503
2020-08-06,-6,1296961,1,2.0,1604674.0,2.0,4846.0,1.5,0.0014315302144250347
2020-08-14,-7,2310172,3,-6.0,1296961.0,1.0,4846.0,1.5,0.008598108060247387
2020-08-18,-15,1982850,1,-7.0,2310172.0,3.0,1726.0,1.5,0.0012782021937515233
2020-09-08,-28,3401750,3,-15.0,1982850.0,1.0,1726.0,1.5,0.0008866820358219879
2020-09-09,-7,2083434,1,-28.0,3401750.0,3.0,1583.0,0.3,-0.010394701672062013
2020-09-10,-9,2302344,1,-7.0,2083434.0,1.0,1583.0,0.3,0.00663605391793811
2020-09-11,3,1908895,2,-9.0,2302344.0,1.0,1583.0,0.3,-0.02319934468433681
2020-09-15,6,1806014,2,3.0,1908895.0,2.0,1583.0,0.3,-0.005240902864629834
2020-09-18,13,2712291,3,6.0,1806014.0,2.0,1583.0,0.3,-0.0027849437148217307
2020-09-24,3,2042075,1,13.0,2712291.0,3.0,1583.0,0.3,-0.014074007812267132
2020-09-25,-13,1451823,1,3.0,2042075.0,1.0,1583.0,0.3,0.007097939107153891
2020-09-28,-4,1340349,1,-13.0,1451823.0,1.0,1583.0,0.3,0.01906503813007637
2020-09-29,2,1532338,1,-4.0,1340349.0,1.0,1583.0,0.3,0.002910989736510325
2020-10-06,7,3201250,1,2.0,1532338.0,1.0,1583.0,0.3,-0.004790849477498047
2020-10-13,0,3187812,5,7.0,3201250.0,1.0,716.0,0.0,-0.014650937012738719
2020-10-16,9,2093878,2,0.0,3187812.0,5.0,716.0,0.0,-0.006103099806971663
2020-10-19,11,2462076,1,9.0,2093878.0,2.0,716.0,0.0,-0.0047856487849609105
2020-10-29,-1,2860149,1,11.0,2462076.0,1.0,716.0,0.0,-0.019044887422916927
2020-10-30,4,5170223,3,-1.0,2860149.0,1.0,716.0,0.3,0.00939096387384905
2020-11-02,-10,5944443,3,4.0,5170223.0,3.0,716.0,0.3,-0.005300353356890314
2020-11-03,2,5747559,3,-10.0,5944443.0,3.0,716.0,0.3,0.0
2020-11-12,1,4064891,1,2.0,5747559.0,3.0,716.0,0.3,0.0070124966286073155
2020-12-08,-10,3040254,1,1.0,4064891.0,1.0,680.0,0.3,-0.0066651667697845895
2020-12-11,3,4584694,1,-10.0,3040254.0,1.0,264.0,0.3,0.006662678124660036
2020-12-29,2,2090233,1,3.0,4584694.0,1.0,264.0,0.3,0.003836667580159041
